criterion,evidence_state,recommended_band,confidence,rationale
Lifecycle / Phase Fit,No authentic project evidence,Insufficient Evidence,0.98,Starter structure and template language cannot be credited as student engineering performance.
Repository Organization,No authentic project evidence,Insufficient Evidence,0.98,Starter structure and template language cannot be credited as student engineering performance.
Engineering Evidence,No authentic project evidence,Insufficient Evidence,0.98,Starter structure and template language cannot be credited as student engineering performance.
Requirements / Scope / Planning,Not emphasized at this phase gate,Not Applicable,0.95,This criterion is not a primary emphasis for the selected assignment configuration.
Architecture / Design Reasoning,Not emphasized at this phase gate,Not Applicable,0.95,This criterion is not a primary emphasis for the selected assignment configuration.
Workflow / GitHub Discipline,Not emphasized at this phase gate,Not Applicable,0.95,This criterion is not a primary emphasis for the selected assignment configuration.
AI Use and Verification,No authentic project evidence,Insufficient Evidence,0.98,Starter structure and template language cannot be credited as student engineering performance.
Team Ownership / Communication,No authentic project evidence,Insufficient Evidence,0.98,Starter structure and template language cannot be credited as student engineering performance.
Professional Quality,No authentic project evidence,Insufficient Evidence,0.98,Starter structure and template language cannot be credited as student engineering performance.
